id,code,name,department,credits,academic_year,semester,paper_code
FY101,FY101,Engineering Mathematics I,First Year Engineering,4,First Year,Semester 1,P-COMMON-MATH1
FY102,FY102,Engineering Physics I,First Year Engineering,3,First Year,Semester 1,P-COMMON-PHYS1
FY103,FY103,Programming Fundamentals & C,First Year Engineering,4,First Year,Semester 2,P-COMMON-PROG
SY201,SY201,Data Structures & Algorithms,Computer Science & Engineering,4,Second Year,Semester 3,P-CSE201-DSA
SY202,SY202,Discrete Mathematics,Mathematics & Computing,3,Second Year,Semester 3,P-COMMON-DISCMATH
SY203,SY203,Digital Logic Design,Electronics & Communication,4,Second Year,Semester 4,P-ECE203-DLD
TY301,TY301,Operating Systems & Systems Programming,Computer Science & Engineering,4,Third Year,Semester 5,P-CSE301-OS
TY302,TY302,Database Management Systems,Computer Science & Engineering,3,Third Year,Semester 5,P-CSE302-DBMS
TY303,TY303,Artificial Intelligence & Expert Systems,AI & Machine Learning,4,Third Year,Semester 5,P-AIML301-AI
TY304,TY304,Machine Learning Fundamentals,AI & Machine Learning,4,Third Year,Semester 6,P-AIML302-ML
TY305,TY305,Big Data Analytics & Mining,Data Science & Analytics,3,Third Year,Semester 6,P-DS301-BigData
TY306,TY306,Computer Networks & Distributed Systems,Information Technology,4,Third Year,Semester 5,P-IT301-CN
FY401,FY401,Deep Learning & Neural Architectures,AI & Machine Learning,4,Final Year,Semester 7,P-AIML401-DL
FY402,FY402,Software Engineering & Cloud Architecture,Computer Science & Engineering,3,Final Year,Semester 7,P-CSE401-SE
FY403,FY403,Cyber Security & Cryptography,Computer Science & Engineering,4,Final Year,Semester 8,P-CSE402-CYBER
FY404,FY404,Internet of Things & Embedded Systems,Electronics & Communication,3,Final Year,Semester 8,P-ECE401-IOT
FY405,FY405,Cloud Computing & DevOps,Information Technology,3,Final Year,Semester 7,P-IT401-CLOUD
FY406,FY406,Applied Statistics & Stochastic Modeling,Data Science & Analytics,3,Final Year,Semester 7,P-DS401-Stats
